<ForceField>
<AtomTypes>
<Type name="opls_846" class="H846" element="H" mass="1.008000" />
<Type name="opls_816" class="C816" element="C" mass="12.011000" />
<Type name="opls_851" class="H851" element="H" mass="1.008000" />
<Type name="opls_810" class="N810" element="N" mass="14.007000" />
<Type name="opls_825" class="N825" element="N" mass="14.007000" />
<Type name="opls_817" class="N817" element="N" mass="14.007000" />
<Type name="opls_854" class="H854" element="H" mass="1.008000" />
<Type name="opls_813" class="O813" element="O" mass="15.999000" />
<Type name="opls_822" class="H822" element="H" mass="1.008000" />
<Type name="opls_841" class="H841" element="H" mass="1.008000" />
<Type name="opls_823" class="C823" element="C" mass="12.011000" />
<Type name="opls_831" class="C831" element="C" mass="12.011000" />
<Type name="opls_806" class="N806" element="N" mass="14.007000" />
<Type name="opls_836" class="H836" element="H" mass="1.008000" />
<Type name="opls_801" class="C801" element="C" mass="12.011000" />
<Type name="opls_845" class="H845" element="H" mass="1.008000" />
<Type name="opls_828" class="C828" element="C" mass="12.011000" />
<Type name="opls_842" class="H842" element="H" mass="1.008000" />
<Type name="opls_849" class="H849" element="H" mass="1.008000" />
<Type name="opls_852" class="H852" element="H" mass="1.008000" />
<Type name="opls_805" class="C805" element="C" mass="12.011000" />
<Type name="opls_837" class="H837" element="H" mass="1.008000" />
<Type name="opls_819" class="C819" element="C" mass="12.011000" />
<Type name="opls_843" class="H843" element="H" mass="1.008000" />
<Type name="opls_835" class="O835" element="O" mass="15.999000" />
<Type name="opls_853" class="H853" element="H" mass="1.008000" />
<Type name="opls_800" class="C800" element="C" mass="12.011000" />
<Type name="opls_814" class="C814" element="C" mass="12.011000" />
<Type name="opls_811" class="C811" element="C" mass="12.011000" />
<Type name="opls_826" class="C826" element="C" mass="12.011000" />
<Type name="opls_834" class="O834" element="O" mass="15.999000" />
<Type name="opls_847" class="H847" element="H" mass="1.008000" />
<Type name="opls_833" class="C833" element="C" mass="12.011000" />
<Type name="opls_829" class="C829" element="C" mass="12.011000" />
<Type name="opls_839" class="H839" element="H" mass="1.008000" />
<Type name="opls_804" class="N804" element="N" mass="14.007000" />
<Type name="opls_812" class="O812" element="O" mass="15.999000" />
<Type name="opls_838" class="H838" element="H" mass="1.008000" />
<Type name="opls_820" class="O820" element="O" mass="15.999000" />
<Type name="opls_848" class="H848" element="H" mass="1.008000" />
<Type name="opls_807" class="C807" element="C" mass="12.011000" />
<Type name="opls_850" class="H850" element="H" mass="1.008000" />
<Type name="opls_808" class="C808" element="C" mass="12.011000" />
<Type name="opls_818" class="C818" element="C" mass="12.011000" />
<Type name="opls_802" class="C802" element="C" mass="12.011000" />
<Type name="opls_815" class="C815" element="C" mass="12.011000" />
<Type name="opls_832" class="N832" element="N" mass="14.007000" />
<Type name="opls_824" class="O824" element="O" mass="15.999000" />
<Type name="opls_803" class="C803" element="C" mass="12.011000" />
<Type name="opls_830" class="S830" element="S" mass="32.060000" />
<Type name="opls_840" class="H840" element="H" mass="1.008000" />
<Type name="opls_844" class="H844" element="H" mass="1.008000" />
<Type name="opls_809" class="C809" element="C" mass="12.011000" />
<Type name="opls_821" class="N821" element="N" mass="14.007000" />
<Type name="opls_827" class="N827" element="N" mass="14.007000" />
</AtomTypes>
<Residues>
<Residue name="UNK">
<Atom name="C00" type="opls_800" />
<Atom name="C01" type="opls_801" />
<Atom name="C02" type="opls_802" />
<Atom name="C03" type="opls_803" />
<Atom name="N04" type="opls_804" />
<Atom name="C05" type="opls_805" />
<Atom name="N06" type="opls_806" />
<Atom name="C07" type="opls_807" />
<Atom name="C08" type="opls_808" />
<Atom name="C09" type="opls_809" />
<Atom name="N0A" type="opls_810" />
<Atom name="C0B" type="opls_811" />
<Atom name="O0C" type="opls_812" />
<Atom name="O0D" type="opls_813" />
<Atom name="C0E" type="opls_814" />
<Atom name="C0F" type="opls_815" />
<Atom name="C0G" type="opls_816" />
<Atom name="N0H" type="opls_817" />
<Atom name="C0I" type="opls_818" />
<Atom name="C0J" type="opls_819" />
<Atom name="O0K" type="opls_820" />
<Atom name="N0M" type="opls_821" />
<Atom name="H0N" type="opls_822" />
<Atom name="C0O" type="opls_823" />
<Atom name="O0P" type="opls_824" />
<Atom name="N0Q" type="opls_825" />
<Atom name="C0R" type="opls_826" />
<Atom name="N0S" type="opls_827" />
<Atom name="C0T" type="opls_828" />
<Atom name="C0U" type="opls_829" />
<Atom name="S0V" type="opls_830" />
<Atom name="C0W" type="opls_831" />
<Atom name="N0X" type="opls_832" />
<Atom name="C0Y" type="opls_833" />
<Atom name="O0Z" type="opls_834" />
<Atom name="O10" type="opls_835" />
<Atom name="H11" type="opls_836" />
<Atom name="H12" type="opls_837" />
<Atom name="H13" type="opls_838" />
<Atom name="H14" type="opls_839" />
<Atom name="H15" type="opls_840" />
<Atom name="H16" type="opls_841" />
<Atom name="H17" type="opls_842" />
<Atom name="H18" type="opls_843" />
<Atom name="H19" type="opls_844" />
<Atom name="H1A" type="opls_845" />
<Atom name="H1B" type="opls_846" />
<Atom name="H1C" type="opls_847" />
<Atom name="H1D" type="opls_848" />
<Atom name="H1E" type="opls_849" />
<Atom name="H1F" type="opls_850" />
<Atom name="H1G" type="opls_851" />
<Atom name="H1H" type="opls_852" />
<Atom name="H1I" type="opls_853" />
<Atom name="H1J" type="opls_854" />
<Bond from="0" to="1"/>
<Bond from="1" to="2"/>
<Bond from="2" to="3"/>
<Bond from="3" to="4"/>
<Bond from="4" to="5"/>
<Bond from="5" to="6"/>
<Bond from="6" to="7"/>
<Bond from="4" to="8"/>
<Bond from="8" to="9"/>
<Bond from="9" to="10"/>
<Bond from="9" to="11"/>
<Bond from="11" to="12"/>
<Bond from="11" to="13"/>
<Bond from="2" to="14"/>
<Bond from="14" to="15"/>
<Bond from="15" to="16"/>
<Bond from="16" to="17"/>
<Bond from="17" to="18"/>
<Bond from="18" to="19"/>
<Bond from="19" to="20"/>
<Bond from="19" to="21"/>
<Bond from="21" to="22"/>
<Bond from="21" to="23"/>
<Bond from="23" to="24"/>
<Bond from="23" to="25"/>
<Bond from="18" to="26"/>
<Bond from="15" to="27"/>
<Bond from="27" to="28"/>
<Bond from="1" to="29"/>
<Bond from="29" to="30"/>
<Bond from="30" to="31"/>
<Bond from="31" to="32"/>
<Bond from="31" to="33"/>
<Bond from="33" to="34"/>
<Bond from="33" to="35"/>
<Bond from="0" to="36"/>
<Bond from="0" to="37"/>
<Bond from="0" to="38"/>
<Bond from="3" to="39"/>
<Bond from="3" to="40"/>
<Bond from="5" to="41"/>
<Bond from="7" to="42"/>
<Bond from="9" to="43"/>
<Bond from="10" to="44"/>
<Bond from="10" to="45"/>
<Bond from="13" to="46"/>
<Bond from="14" to="47"/>
<Bond from="28" to="48"/>
<Bond from="28" to="49"/>
<Bond from="28" to="50"/>
<Bond from="31" to="51"/>
<Bond from="32" to="52"/>
<Bond from="32" to="53"/>
<Bond from="35" to="54"/>
<Bond from="7" to="8"/>
<Bond from="16" to="29"/>
<Bond from="25" to="26"/>
<Bond from="26" to="27"/>
</Residue>
</Residues>
<HarmonicBondForce>
<Bond class1="C801" class2="C800" length="0.151000" k="265265.600000"/>
<Bond class1="C802" class2="C801" length="0.140000" k="392459.200000"/>
<Bond class1="C803" class2="C802" length="0.151000" k="265265.600000"/>
<Bond class1="N804" class2="C803" length="0.147500" k="282001.600000"/>
<Bond class1="C805" class2="N804" length="0.134300" k="399153.600000"/>
<Bond class1="N806" class2="C805" length="0.133500" k="408358.400000"/>
<Bond class1="C807" class2="N806" length="0.139400" k="343088.000000"/>
<Bond class1="C808" class2="N804" length="0.138100" k="357313.600000"/>
<Bond class1="C809" class2="C808" length="0.150400" k="265265.600000"/>
<Bond class1="N810" class2="C809" length="0.144800" k="319657.600000"/>
<Bond class1="C811" class2="C809" length="0.152200" k="265265.600000"/>
<Bond class1="O812" class2="C811" length="0.122900" k="476976.000000"/>
<Bond class1="O813" class2="C811" length="0.136400" k="376560.000000"/>
<Bond class1="C814" class2="C802" length="0.140000" k="392459.200000"/>
<Bond class1="C815" class2="C814" length="0.140400" k="392459.200000"/>
<Bond class1="C816" class2="C815" length="0.137000" k="435136.000000"/>
<Bond class1="N817" class2="C816" length="0.135400" k="385764.800000"/>
<Bond class1="C818" class2="N817" length="0.135400" k="385764.800000"/>
<Bond class1="C819" class2="C818" length="0.141900" k="374049.600000"/>
<Bond class1="O820" class2="C819" length="0.122900" k="476976.000000"/>
<Bond class1="N821" class2="C819" length="0.138800" k="349782.400000"/>
<Bond class1="H822" class2="N821" length="0.101000" k="363171.200000"/>
<Bond class1="C823" class2="N821" length="0.138800" k="349782.400000"/>
<Bond class1="O824" class2="C823" length="0.122900" k="476976.000000"/>
<Bond class1="N825" class2="C823" length="0.135800" k="382417.600000"/>
<Bond class1="C826" class2="C818" length="0.140400" k="392459.200000"/>
<Bond class1="N827" class2="C815" length="0.137400" k="364844.800000"/>
<Bond class1="C828" class2="N827" length="0.147500" k="282001.600000"/>
<Bond class1="C829" class2="C801" length="0.140000" k="392459.200000"/>
<Bond class1="S830" class2="C829" length="0.176000" k="209200.000000"/>
<Bond class1="C831" class2="S830" length="0.181000" k="185769.600000"/>
<Bond class1="N832" class2="C831" length="0.144800" k="319657.600000"/>
<Bond class1="C833" class2="C831" length="0.152200" k="265265.600000"/>
<Bond class1="O834" class2="C833" length="0.122900" k="476976.000000"/>
<Bond class1="O835" class2="C833" length="0.136400" k="376560.000000"/>
<Bond class1="H836" class2="C800" length="0.109000" k="284512.000000"/>
<Bond class1="H837" class2="C800" length="0.109000" k="284512.000000"/>
<Bond class1="H838" class2="C800" length="0.109000" k="284512.000000"/>
<Bond class1="H839" class2="C803" length="0.109000" k="284512.000000"/>
<Bond class1="H840" class2="C803" length="0.109000" k="284512.000000"/>
<Bond class1="H841" class2="C805" length="0.108000" k="307105.600000"/>
<Bond class1="H842" class2="C807" length="0.108000" k="307105.600000"/>
<Bond class1="H843" class2="C809" length="0.109000" k="284512.000000"/>
<Bond class1="H844" class2="N810" length="0.101000" k="363171.200000"/>
<Bond class1="H845" class2="N810" length="0.101000" k="363171.200000"/>
<Bond class1="H846" class2="O813" length="0.094500" k="462750.400000"/>
<Bond class1="H847" class2="C814" length="0.108000" k="307105.600000"/>
<Bond class1="H848" class2="C828" length="0.109000" k="284512.000000"/>
<Bond class1="H849" class2="C828" length="0.109000" k="284512.000000"/>
<Bond class1="H850" class2="C828" length="0.109000" k="284512.000000"/>
<Bond class1="H851" class2="C831" length="0.109000" k="284512.000000"/>
<Bond class1="H852" class2="N832" length="0.101000" k="363171.200000"/>
<Bond class1="H853" class2="N832" length="0.101000" k="363171.200000"/>
<Bond class1="H854" class2="O835" length="0.094500" k="462750.400000"/>
<Bond class1="C808" class2="C807" length="0.137000" k="435136.000000"/>
<Bond class1="C829" class2="C816" length="0.140400" k="392459.200000"/>
<Bond class1="C826" class2="N825" length="0.132400" k="420073.600000"/>
<Bond class1="N827" class2="C826" length="0.138100" k="357313.600000"/>
</HarmonicBondForce>
<HarmonicAngleForce>
<Angle class1="C800" class2="C801" class3="C802" angle="2.094395" k="585.760000"/>
<Angle class1="C801" class2="C802" class3="C803" angle="2.094395" k="585.760000"/>
<Angle class1="C802" class2="C803" class3="N804" angle="1.940806" k="669.440000"/>
<Angle class1="C803" class2="N804" class3="C805" angle="1.961750" k="527.184000"/>
<Angle class1="N804" class2="C805" class3="N806" angle="2.094395" k="585.760000"/>
<Angle class1="C805" class2="N806" class3="C807" angle="1.919862" k="585.760000"/>
<Angle class1="C803" class2="N804" class3="C808" angle="1.961750" k="527.184000"/>
<Angle class1="N804" class2="C808" class3="C809" angle="2.122320" k="585.760000"/>
<Angle class1="C808" class2="C809" class3="N810" angle="1.940806" k="669.440000"/>
<Angle class1="C808" class2="C809" class3="C811" angle="1.954769" k="527.184000"/>
<Angle class1="C809" class2="C811" class3="O812" angle="2.101376" k="669.440000"/>
<Angle class1="C809" class2="C811" class3="O813" angle="1.884956" k="585.760000"/>
<Angle class1="C801" class2="C802" class3="C814" angle="2.094395" k="527.184000"/>
<Angle class1="C802" class2="C814" class3="C815" angle="2.094395" k="527.184000"/>
<Angle class1="C814" class2="C815" class3="C816" angle="2.047271" k="711.280000"/>
<Angle class1="C815" class2="C816" class3="N817" angle="2.228785" k="585.760000"/>
<Angle class1="C816" class2="N817" class3="C818" angle="1.958259" k="585.760000"/>
<Angle class1="N817" class2="C818" class3="C819" angle="2.268928" k="585.760000"/>
<Angle class1="C818" class2="C819" class3="O820" angle="2.247984" k="669.440000"/>
<Angle class1="C818" class2="C819" class3="N821" angle="1.942551" k="585.760000"/>
<Angle class1="C819" class2="N821" class3="H822" angle="2.038545" k="292.880000"/>
<Angle class1="C819" class2="N821" class3="C823" angle="2.206096" k="585.760000"/>
<Angle class1="N821" class2="C823" class3="O824" angle="2.104867" k="669.440000"/>
<Angle class1="N821" class2="C823" class3="N825" angle="2.069960" k="585.760000"/>
<Angle class1="N817" class2="C818" class3="C826" angle="2.310816" k="585.760000"/>
<Angle class1="C814" class2="C815" class3="N827" angle="1.897173" k="585.760000"/>
<Angle class1="C815" class2="N827" class3="C828" angle="2.195624" k="585.760000"/>
<Angle class1="C800" class2="C801" class3="C829" angle="2.094395" k="585.760000"/>
<Angle class1="C801" class2="C829" class3="S830" angle="2.083923" k="711.280000"/>
<Angle class1="C829" class2="S830" class3="C831" angle="1.818633" k="518.816000"/>
<Angle class1="S830" class2="C831" class3="N832" angle="2.001893" k="418.400000"/>
<Angle class1="S830" class2="C831" class3="C833" angle="1.929985" k="432.207200"/>
<Angle class1="C831" class2="C833" class3="O834" angle="2.101376" k="669.440000"/>
<Angle class1="C831" class2="C833" class3="O835" angle="1.884956" k="585.760000"/>
<Angle class1="C801" class2="C800" class3="H836" angle="1.911136" k="292.880000"/>
<Angle class1="C801" class2="C800" class3="H837" angle="1.911136" k="292.880000"/>
<Angle class1="C801" class2="C800" class3="H838" angle="1.911136" k="292.880000"/>
<Angle class1="C802" class2="C803" class3="H839" angle="1.911136" k="292.880000"/>
<Angle class1="C802" class2="C803" class3="H840" angle="1.911136" k="292.880000"/>
<Angle class1="N804" class2="C805" class3="H841" angle="2.094395" k="292.880000"/>
<Angle class1="N806" class2="C807" class3="H842" angle="2.094395" k="292.880000"/>
<Angle class1="C808" class2="C809" class3="H843" angle="1.911136" k="292.880000"/>
<Angle class1="C809" class2="N810" class3="H844" angle="1.911136" k="292.880000"/>
<Angle class1="C809" class2="N810" class3="H845" angle="1.911136" k="292.880000"/>
<Angle class1="C811" class2="O813" class3="H846" angle="1.972222" k="292.880000"/>
<Angle class1="C802" class2="C814" class3="H847" angle="2.094395" k="292.880000"/>
<Angle class1="N827" class2="C828" class3="H848" angle="1.911136" k="292.880000"/>
<Angle class1="N827" class2="C828" class3="H849" angle="1.911136" k="292.880000"/>
<Angle class1="N827" class2="C828" class3="H850" angle="1.911136" k="292.880000"/>
<Angle class1="S830" class2="C831" class3="H851" angle="1.911136" k="292.880000"/>
<Angle class1="C831" class2="N832" class3="H852" angle="1.911136" k="292.880000"/>
<Angle class1="C831" class2="N832" class3="H853" angle="1.911136" k="292.880000"/>
<Angle class1="C833" class2="O835" class3="H854" angle="1.972222" k="292.880000"/>
<Angle class1="C815" class2="C816" class3="C829" angle="2.047271" k="711.280000"/>
<Angle class1="O812" class2="C811" class3="O813" angle="2.111848" k="669.440000"/>
<Angle class1="N810" class2="C809" class3="C811" angle="1.940806" k="669.440000"/>
<Angle class1="N825" class2="C826" class3="N827" angle="2.151991" k="585.760000"/>
<Angle class1="H852" class2="N832" class3="H853" angle="1.857030" k="364.844800"/>
<Angle class1="O824" class2="C823" class3="N825" angle="2.138028" k="669.440000"/>
<Angle class1="N832" class2="C831" class3="C833" angle="1.940806" k="669.440000"/>
<Angle class1="C819" class2="C818" class3="C826" angle="2.094395" k="711.280000"/>
<Angle class1="H822" class2="N821" class3="C823" angle="2.038545" k="292.880000"/>
<Angle class1="C805" class2="N804" class3="C808" angle="1.916372" k="585.760000"/>
<Angle class1="C808" class2="C807" class3="H842" angle="2.237512" k="292.880000"/>
<Angle class1="C823" class2="N825" class3="C826" angle="2.103122" k="585.760000"/>
<Angle class1="N817" class2="C816" class3="C829" angle="2.310816" k="585.760000"/>
<Angle class1="H836" class2="C800" class3="H838" angle="1.881465" k="276.144000"/>
<Angle class1="C815" class2="N827" class3="C826" angle="2.185152" k="585.760000"/>
<Angle class1="O820" class2="C819" class3="N821" angle="2.104867" k="669.440000"/>
<Angle class1="N832" class2="C831" class3="H851" angle="1.911136" k="292.880000"/>
<Angle class1="H844" class2="N810" class3="H845" angle="1.857030" k="364.844800"/>
<Angle class1="N804" class2="C803" class3="H840" angle="1.911136" k="292.880000"/>
<Angle class1="C816" class2="C815" class3="N827" angle="1.853540" k="585.760000"/>
<Angle class1="C818" class2="C826" class3="N825" angle="2.047271" k="585.760000"/>
<Angle class1="C826" class2="N827" class3="C828" angle="1.961750" k="527.184000"/>
<Angle class1="H849" class2="C828" class3="H850" angle="1.881465" k="276.144000"/>
<Angle class1="H839" class2="C803" class3="H840" angle="1.881465" k="276.144000"/>
<Angle class1="N804" class2="C803" class3="H839" angle="1.911136" k="292.880000"/>
<Angle class1="C801" class2="C829" class3="C816" angle="2.094395" k="527.184000"/>
<Angle class1="H848" class2="C828" class3="H850" angle="1.881465" k="276.144000"/>
<Angle class1="N810" class2="C809" class3="H843" angle="1.911136" k="292.880000"/>
<Angle class1="C802" class2="C801" class3="C829" angle="2.094395" k="527.184000"/>
<Angle class1="H836" class2="C800" class3="H837" angle="1.881465" k="276.144000"/>
<Angle class1="C807" class2="C808" class3="C809" angle="2.281145" k="585.760000"/>
<Angle class1="N806" class2="C807" class3="C808" angle="1.937315" k="585.760000"/>
<Angle class1="H837" class2="C800" class3="H838" angle="1.881465" k="276.144000"/>
<Angle class1="C833" class2="C831" class3="H851" angle="1.911136" k="292.880000"/>
<Angle class1="C811" class2="C809" class3="H843" angle="1.911136" k="292.880000"/>
<Angle class1="O834" class2="C833" class3="O835" angle="2.111848" k="669.440000"/>
<Angle class1="C815" class2="C814" class3="H847" angle="2.094395" k="292.880000"/>
<Angle class1="C818" class2="C826" class3="N827" angle="1.897173" k="585.760000"/>
<Angle class1="C816" class2="C829" class3="S830" angle="2.083923" k="711.280000"/>
<Angle class1="H848" class2="C828" class3="H849" angle="1.881465" k="276.144000"/>
<Angle class1="N806" class2="C805" class3="H841" angle="2.094395" k="292.880000"/>
<Angle class1="N804" class2="C808" class3="C807" angle="1.855285" k="585.760000"/>
<Angle class1="C803" class2="C802" class3="C814" angle="2.094395" k="585.760000"/>
</HarmonicAngleForce>
<PeriodicTorsionForce>
<Proper class1="C803" class2="C802" class3="C801" class4="C800" k1="0.000000" k2="15.167000" k3="0.000000" k4="0.000000" periodicity1="1" periodicity2="2" periodicity3="3" periodicity4="4" phase1="0.00" phase2="3.141592653589793" phase3="0.00" phase4="3.141592653589793"/>
<Proper class1="C805" class2="N804" class3="C803" class4="C802" k1="0.000000" k2="0.000000" k3="0.000000" k4="0.000000" periodicity1="1" periodicity2="2" periodicity3="3" periodicity4="4" phase1="0.00" phase2="3.141592653589793" phase3="0.00" phase4="3.141592653589793"/>
<Proper class1="C807" class2="C808" class3="N804" class4="C803" k1="0.000000" k2="10.460000" k3="0.000000" k4="0.000000" periodicity1="1" periodicity2="2" periodicity3="3" periodicity4="4" phase1="0.00" phase2="3.141592653589793" phase3="0.00" phase4="3.141592653589793"/>
<Proper class1="C807" class2="C808" class3="N804" class4="C805" k1="0.000000" k2="10.460000" k3="0.000000" k4="0.000000" periodicity1="1" periodicity2="2" periodicity3="3" periodicity4="4" phase1="0.00" phase2="3.141592653589793" phase3="0.00" phase4="3.141592653589793"/>
<Proper class1="C807" class2="N806" class3="C805" class4="N804" k1="0.000000" k2="20.920000" k3="0.000000" k4="0.000000" periodicity1="1" periodicity2="2" periodicity3="3" periodicity4="4" phase1="0.00" phase2="3.141592653589793" phase3="0.00" phase4="3.141592653589793"/>
<Proper class1="C808" class2="C807" class3="N806" class4="C805" k1="0.000000" k2="15.167000" k3="0.000000" k4="0.000000" periodicity1="1" periodicity2="2" periodicity3="3" periodicity4="4" phase1="0.00" phase2="3.141592653589793" phase3="0.00" phase4="3.141592653589793"/>
<Proper class1="C808" class2="N804" class3="C803" class4="C802" k1="0.000000" k2="0.000000" k3="0.000000" k4="0.000000" periodicity1="1" periodicity2="2" periodicity3="3" periodicity4="4" phase1="0.00" phase2="3.141592653589793" phase3="0.00" phase4="3.141592653589793"/>
<Proper class1="C808" class2="N804" class3="C805" class4="N806" k1="0.000000" k2="15.167000" k3="0.000000" k4="0.000000" periodicity1="1" periodicity2="2" periodicity3="3" periodicity4="4" phase1="0.00" phase2="3.141592653589793" phase3="0.00" phase4="3.141592653589793"/>
<Proper class1="C809" class2="C808" class3="C807" class4="N806" k1="0.000000" k2="4.539640" k3="0.000000" k4="0.000000" periodicity1="1" periodicity2="2" periodicity3="3" periodicity4="4" phase1="0.00" phase2="3.141592653589793" phase3="0.00" phase4="3.141592653589793"/>
<Proper class1="C809" class2="C808" class3="N804" class4="C803" k1="0.000000" k2="10.460000" k3="0.000000" k4="0.000000" periodicity1="1" periodicity2="2" periodicity3="3" periodicity4="4" phase1="0.00" phase2="3.141592653589793" phase3="0.00" phase4="3.141592653589793"/>
<Proper class1="C809" class2="C808" class3="N804" class4="C805" k1="0.000000" k2="10.460000" k3="0.000000" k4="0.000000" periodicity1="1" periodicity2="2" periodicity3="3" periodicity4="4" phase1="0.00" phase2="3.141592653589793" phase3="0.00" phase4="3.141592653589793"/>
<Proper class1="C811" class2="C809" class3="C808" class4="C807" k1="0.000000" k2="0.000000" k3="0.000000" k4="0.000000" periodicity1="1" periodicity2="2" periodicity3="3" periodicity4="4" phase1="0.00" phase2="3.141592653589793" phase3="0.00" phase4="3.141592653589793"/>
<Proper class1="C811" class2="C809" class3="C808" class4="N804" k1="3.556400" k2="-1.255200" k3="0.000000" k4="0.000000" periodicity1="1" periodicity2="2" periodicity3="3" periodicity4="4" phase1="0.00" phase2="3.141592653589793" phase3="0.00" phase4="3.141592653589793"/>
<Proper class1="C814" class2="C802" class3="C801" class4="C800" k1="0.000000" k2="15.167000" k3="0.000000" k4="0.000000" periodicity1="1" periodicity2="2" periodicity3="3" periodicity4="4" phase1="0.00" phase2="3.141592653589793" phase3="0.00" phase4="3.141592653589793"/>
<Proper class1="C814" class2="C802" class3="C803" class4="N804" k1="0.000000" k2="0.000000" k3="0.000000" k4="0.000000" periodicity1="1" periodicity2="2" periodicity3="3" periodicity4="4" phase1="0.00" phase2="3.141592653589793" phase3="0.00" phase4="3.141592653589793"/>
<Proper class1="C815" class2="C814" class3="C802" class4="C801" k1="0.000000" k2="15.167000" k3="0.000000" k4="0.000000" periodicity1="1" periodicity2="2" periodicity3="3" periodicity4="4" phase1="0.00" phase2="3.141592653589793" phase3="0.00" phase4="3.141592653589793"/>
<Proper class1="C815" class2="C814" class3="C802" class4="C803" k1="0.000000" k2="15.167000" k3="0.000000" k4="0.000000" periodicity1="1" periodicity2="2" periodicity3="3" periodicity4="4" phase1="0.00" phase2="3.141592653589793" phase3="0.00" phase4="3.141592653589793"/>
<Proper class1="C815" class2="C816" class3="C829" class4="C801" k1="0.000000" k2="14.644000" k3="0.000000" k4="0.000000" periodicity1="1" periodicity2="2" periodicity3="3" periodicity4="4" phase1="0.00" phase2="3.141592653589793" phase3="0.00" phase4="3.141592653589793"/>
<Proper class1="C816" class2="C815" class3="C814" class4="C802" k1="0.000000" k2="14.644000" k3="0.000000" k4="0.000000" periodicity1="1" periodicity2="2" periodicity3="3" periodicity4="4" phase1="0.00" phase2="3.141592653589793" phase3="0.00" phase4="3.141592653589793"/>
<Proper class1="C816" class2="C829" class3="C801" class4="C800" k1="0.000000" k2="15.167000" k3="0.000000" k4="0.000000" periodicity1="1" periodicity2="2" periodicity3="3" periodicity4="4" phase1="0.00" phase2="3.141592653589793" phase3="0.00" phase4="3.141592653589793"/>
<Proper class1="C816" class2="C829" class3="C801" class4="C802" k1="0.000000" k2="15.167000" k3="0.000000" k4="0.000000" periodicity1="1" periodicity2="2" periodicity3="3" periodicity4="4" phase1="0.00" phase2="3.141592653589793" phase3="0.00" phase4="3.141592653589793"/>
<Proper class1="C818" class2="C826" class3="N827" class4="C815" k1="0.000000" k2="0.000000" k3="0.000000" k4="0.000000" periodicity1="1" periodicity2="2" periodicity3="3" periodicity4="4" phase1="0.00" phase2="3.141592653589793" phase3="0.00" phase4="3.141592653589793"/>
<Proper class1="C818" class2="N817" class3="C816" class4="C815" k1="0.000000" k2="15.167000" k3="0.000000" k4="0.000000" periodicity1="1" periodicity2="2" periodicity3="3" periodicity4="4" phase1="0.00" phase2="3.141592653589793" phase3="0.00" phase4="3.141592653589793"/>
<Proper class1="C819" class2="C818" class3="N817" class4="C816" k1="0.000000" k2="15.167000" k3="0.000000" k4="0.000000" periodicity1="1" periodicity2="2" periodicity3="3" periodicity4="4" phase1="0.00" phase2="3.141592653589793" phase3="0.00" phase4="3.141592653589793"/>
<Proper class1="C823" class2="N821" class3="C819" class4="C818" k1="0.000000" k2="0.000000" k3="0.000000" k4="0.000000" periodicity1="1" periodicity2="2" periodicity3="3" periodicity4="4" phase1="0.00" phase2="3.141592653589793" phase3="0.00" phase4="3.141592653589793"/>
<Proper class1="C823" class2="N821" class3="C819" class4="O820" k1="0.000000" k2="10.250800" k3="0.000000" k4="0.000000" periodicity1="1" periodicity2="2" periodicity3="3" periodicity4="4" phase1="0.00" phase2="3.141592653589793" phase3="0.00" phase4="3.141592653589793"/>
<Proper class1="C823" class2="N825" class3="C826" class4="C818" k1="0.000000" k2="15.167000" k3="0.000000" k4="0.000000" periodicity1="1" periodicity2="2" periodicity3="3" periodicity4="4" phase1="0.00" phase2="3.141592653589793" phase3="0.00" phase4="3.141592653589793"/>
<Proper class1="C826" class2="C818" class3="C819" class4="N821" k1="0.000000" k2="14.644000" k3="0.000000" k4="0.000000" periodicity1="1" periodicity2="2" periodicity3="3" periodicity4="4" phase1="0.00" phase2="3.141592653589793" phase3="0.00" phase4="3.141592653589793"/>
<Proper class1="C826" class2="C818" class3="C819" class4="O820" k1="0.000000" k2="14.644000" k3="0.000000" k4="0.000000" periodicity1="1" periodicity2="2" periodicity3="3" periodicity4="4" phase1="0.00" phase2="3.141592653589793" phase3="0.00" phase4="3.141592653589793"/>
<Proper class1="C826" class2="C818" class3="N817" class4="C816" k1="0.000000" k2="15.167000" k3="0.000000" k4="0.000000" periodicity1="1" periodicity2="2" periodicity3="3" periodicity4="4" phase1="0.00" phase2="3.141592653589793" phase3="0.00" phase4="3.141592653589793"/>
<Proper class1="C826" class2="N825" class3="C823" class4="N821" k1="0.000000" k2="29.288000" k3="0.000000" k4="0.000000" periodicity1="1" periodicity2="2" periodicity3="3" periodicity4="4" phase1="0.00" phase2="3.141592653589793" phase3="0.00" phase4="3.141592653589793"/>
<Proper class1="C826" class2="N825" class3="C823" class4="O824" k1="0.000000" k2="10.250800" k3="0.000000" k4="0.000000" periodicity1="1" periodicity2="2" periodicity3="3" periodicity4="4" phase1="0.00" phase2="3.141592653589793" phase3="0.00" phase4="3.141592653589793"/>
<Proper class1="C826" class2="N827" class3="C815" class4="C814" k1="0.000000" k2="15.167000" k3="0.000000" k4="0.000000" periodicity1="1" periodicity2="2" periodicity3="3" periodicity4="4" phase1="0.00" phase2="3.141592653589793" phase3="0.00" phase4="3.141592653589793"/>
<Proper class1="C826" class2="N827" class3="C815" class4="C816" k1="0.000000" k2="15.167000" k3="0.000000" k4="0.000000" periodicity1="1" periodicity2="2" periodicity3="3" periodicity4="4" phase1="0.00" phase2="3.141592653589793" phase3="0.00" phase4="3.141592653589793"/>
<Proper class1="C828" class2="N827" class3="C815" class4="C814" k1="0.000000" k2="15.167000" k3="0.000000" k4="0.000000" periodicity1="1" periodicity2="2" periodicity3="3" periodicity4="4" phase1="0.00" phase2="3.141592653589793" phase3="0.00" phase4="3.141592653589793"/>
<Proper class1="C828" class2="N827" class3="C815" class4="C816" k1="0.000000" k2="15.167000" k3="0.000000" k4="0.000000" periodicity1="1" periodicity2="2" periodicity3="3" periodicity4="4" phase1="0.00" phase2="3.141592653589793" phase3="0.00" phase4="3.141592653589793"/>
<Proper class1="C828" class2="N827" class3="C826" class4="C818" k1="0.000000" k2="0.000000" k3="0.000000" k4="0.000000" periodicity1="1" periodicity2="2" periodicity3="3" periodicity4="4" phase1="0.00" phase2="3.141592653589793" phase3="0.00" phase4="3.141592653589793"/>
<Proper class1="C828" class2="N827" class3="C826" class4="N825" k1="0.000000" k2="15.167000" k3="0.000000" k4="0.000000" periodicity1="1" periodicity2="2" periodicity3="3" periodicity4="4" phase1="0.00" phase2="3.141592653589793" phase3="0.00" phase4="3.141592653589793"/>
<Proper class1="C829" class2="C801" class3="C802" class4="C803" k1="0.000000" k2="15.167000" k3="0.000000" k4="0.000000" periodicity1="1" periodicity2="2" periodicity3="3" periodicity4="4" phase1="0.00" phase2="3.141592653589793" phase3="0.00" phase4="3.141592653589793"/>
<Proper class1="C829" class2="C801" class3="C802" class4="C814" k1="0.000000" k2="15.167000" k3="0.000000" k4="0.000000" periodicity1="1" periodicity2="2" periodicity3="3" periodicity4="4" phase1="0.00" phase2="3.141592653589793" phase3="0.00" phase4="3.141592653589793"/>
<Proper class1="C829" class2="C816" class3="C815" class4="C814" k1="0.000000" k2="15.167000" k3="0.000000" k4="0.000000" periodicity1="1" periodicity2="2" periodicity3="3" periodicity4="4" phase1="0.00" phase2="3.141592653589793" phase3="0.00" phase4="3.141592653589793"/>
<Proper class1="C829" class2="C816" class3="C815" class4="N827" k1="0.000000" k2="15.167000" k3="0.000000" k4="0.000000" periodicity1="1" periodicity2="2" periodicity3="3" periodicity4="4" phase1="0.00" phase2="3.141592653589793" phase3="0.00" phase4="3.141592653589793"/>
<Proper class1="C829" class2="C816" class3="N817" class4="C818" k1="0.000000" k2="15.167000" k3="0.000000" k4="0.000000" periodicity1="1" periodicity2="2" periodicity3="3" periodicity4="4" phase1="0.00" phase2="3.141592653589793" phase3="0.00" phase4="3.141592653589793"/>
<Proper class1="C831" class2="S830" class3="C829" class4="C801" k1="0.000000" k2="1.255200" k3="0.000000" k4="0.000000" periodicity1="1" periodicity2="2" periodicity3="3" periodicity4="4" phase1="0.00" phase2="3.141592653589793" phase3="0.00" phase4="3.141592653589793"/>
<Proper class1="C831" class2="S830" class3="C829" class4="C816" k1="0.000000" k2="1.255200" k3="0.000000" k4="0.000000" periodicity1="1" periodicity2="2" periodicity3="3" periodicity4="4" phase1="0.00" phase2="3.141592653589793" phase3="0.00" phase4="3.141592653589793"/>
<Proper class1="C833" class2="C831" class3="S830" class4="C829" k1="1.935100" k2="-1.204992" k3="1.416284" k4="0.000000" periodicity1="1" periodicity2="2" periodicity3="3" periodicity4="4" phase1="0.00" phase2="3.141592653589793" phase3="0.00" phase4="3.141592653589793"/>
<Proper class1="H822" class2="N821" class3="C819" class4="C818" k1="0.000000" k2="10.250800" k3="0.000000" k4="0.000000" periodicity1="1" periodicity2="2" periodicity3="3" periodicity4="4" phase1="0.00" phase2="3.141592653589793" phase3="0.00" phase4="3.141592653589793"/>
<Proper class1="H822" class2="N821" class3="C819" class4="O820" k1="0.000000" k2="10.250800" k3="0.000000" k4="0.000000" periodicity1="1" periodicity2="2" periodicity3="3" periodicity4="4" phase1="0.00" phase2="3.141592653589793" phase3="0.00" phase4="3.141592653589793"/>
<Proper class1="H836" class2="C800" class3="C801" class4="C802" k1="0.000000" k2="0.000000" k3="0.000000" k4="0.000000" periodicity1="1" periodicity2="2" periodicity3="3" periodicity4="4" phase1="0.00" phase2="3.141592653589793" phase3="0.00" phase4="3.141592653589793"/>
<Proper class1="H836" class2="C800" class3="C801" class4="C829" k1="0.000000" k2="0.000000" k3="0.000000" k4="0.000000" periodicity1="1" periodicity2="2" periodicity3="3" periodicity4="4" phase1="0.00" phase2="3.141592653589793" phase3="0.00" phase4="3.141592653589793"/>
<Proper class1="H837" class2="C800" class3="C801" class4="C802" k1="0.000000" k2="0.000000" k3="0.000000" k4="0.000000" periodicity1="1" periodicity2="2" periodicity3="3" periodicity4="4" phase1="0.00" phase2="3.141592653589793" phase3="0.00" phase4="3.141592653589793"/>
<Proper class1="H837" class2="C800" class3="C801" class4="C829" k1="0.000000" k2="0.000000" k3="0.000000" k4="0.000000" periodicity1="1" periodicity2="2" periodicity3="3" periodicity4="4" phase1="0.00" phase2="3.141592653589793" phase3="0.00" phase4="3.141592653589793"/>
<Proper class1="H838" class2="C800" class3="C801" class4="C802" k1="0.000000" k2="0.000000" k3="0.000000" k4="0.000000" periodicity1="1" periodicity2="2" periodicity3="3" periodicity4="4" phase1="0.00" phase2="3.141592653589793" phase3="0.00" phase4="3.141592653589793"/>
<Proper class1="H838" class2="C800" class3="C801" class4="C829" k1="0.000000" k2="0.000000" k3="0.000000" k4="0.000000" periodicity1="1" periodicity2="2" periodicity3="3" periodicity4="4" phase1="0.00" phase2="3.141592653589793" phase3="0.00" phase4="3.141592653589793"/>
<Proper class1="H839" class2="C803" class3="C802" class4="C801" k1="0.000000" k2="0.000000" k3="0.000000" k4="0.000000" periodicity1="1" periodicity2="2" periodicity3="3" periodicity4="4" phase1="0.00" phase2="3.141592653589793" phase3="0.00" phase4="3.141592653589793"/>
<Proper class1="H839" class2="C803" class3="C802" class4="C814" k1="0.000000" k2="0.000000" k3="0.000000" k4="0.000000" periodicity1="1" periodicity2="2" periodicity3="3" periodicity4="4" phase1="0.00" phase2="3.141592653589793" phase3="0.00" phase4="3.141592653589793"/>
<Proper class1="H839" class2="C803" class3="N804" class4="C805" k1="0.000000" k2="0.000000" k3="0.000000" k4="0.000000" periodicity1="1" periodicity2="2" periodicity3="3" periodicity4="4" phase1="0.00" phase2="3.141592653589793" phase3="0.00" phase4="3.141592653589793"/>
<Proper class1="H839" class2="C803" class3="N804" class4="C808" k1="0.000000" k2="0.000000" k3="0.000000" k4="0.000000" periodicity1="1" periodicity2="2" periodicity3="3" periodicity4="4" phase1="0.00" phase2="3.141592653589793" phase3="0.00" phase4="3.141592653589793"/>
<Proper class1="H840" class2="C803" class3="C802" class4="C801" k1="0.000000" k2="0.000000" k3="0.000000" k4="0.000000" periodicity1="1" periodicity2="2" periodicity3="3" periodicity4="4" phase1="0.00" phase2="3.141592653589793" phase3="0.00" phase4="3.141592653589793"/>
<Proper class1="H840" class2="C803" class3="C802" class4="C814" k1="0.000000" k2="0.000000" k3="0.000000" k4="0.000000" periodicity1="1" periodicity2="2" periodicity3="3" periodicity4="4" phase1="0.00" phase2="3.141592653589793" phase3="0.00" phase4="3.141592653589793"/>
<Proper class1="H840" class2="C803" class3="N804" class4="C805" k1="0.000000" k2="0.000000" k3="0.000000" k4="0.000000" periodicity1="1" periodicity2="2" periodicity3="3" periodicity4="4" phase1="0.00" phase2="3.141592653589793" phase3="0.00" phase4="3.141592653589793"/>
<Proper class1="H840" class2="C803" class3="N804" class4="C808" k1="0.000000" k2="0.000000" k3="0.000000" k4="0.000000" periodicity1="1" periodicity2="2" periodicity3="3" periodicity4="4" phase1="0.00" phase2="3.141592653589793" phase3="0.00" phase4="3.141592653589793"/>
<Proper class1="H841" class2="C805" class3="N804" class4="C803" k1="0.000000" k2="20.920000" k3="0.000000" k4="0.000000" periodicity1="1" periodicity2="2" periodicity3="3" periodicity4="4" phase1="0.00" phase2="3.141592653589793" phase3="0.00" phase4="3.141592653589793"/>
<Proper class1="H841" class2="C805" class3="N804" class4="C808" k1="0.000000" k2="20.920000" k3="0.000000" k4="0.000000" periodicity1="1" periodicity2="2" periodicity3="3" periodicity4="4" phase1="0.00" phase2="3.141592653589793" phase3="0.00" phase4="3.141592653589793"/>
<Proper class1="H841" class2="C805" class3="N806" class4="C807" k1="0.000000" k2="20.920000" k3="0.000000" k4="0.000000" periodicity1="1" periodicity2="2" periodicity3="3" periodicity4="4" phase1="0.00" phase2="3.141592653589793" phase3="0.00" phase4="3.141592653589793"/>
<Proper class1="H842" class2="C807" class3="C808" class4="C809" k1="0.000000" k2="22.489000" k3="0.000000" k4="0.000000" periodicity1="1" periodicity2="2" periodicity3="3" periodicity4="4" phase1="0.00" phase2="3.141592653589793" phase3="0.00" phase4="3.141592653589793"/>
<Proper class1="H842" class2="C807" class3="C808" class4="N804" k1="0.000000" k2="15.167000" k3="0.000000" k4="0.000000" periodicity1="1" periodicity2="2" periodicity3="3" periodicity4="4" phase1="0.00" phase2="3.141592653589793" phase3="0.00" phase4="3.141592653589793"/>
<Proper class1="H842" class2="C807" class3="N806" class4="C805" k1="0.000000" k2="15.167000" k3="0.000000" k4="0.000000" periodicity1="1" periodicity2="2" periodicity3="3" periodicity4="4" phase1="0.00" phase2="3.141592653589793" phase3="0.00" phase4="3.141592653589793"/>
<Proper class1="H843" class2="C809" class3="C808" class4="C807" k1="0.000000" k2="0.000000" k3="0.000000" k4="0.000000" periodicity1="1" periodicity2="2" periodicity3="3" periodicity4="4" phase1="0.00" phase2="3.141592653589793" phase3="0.00" phase4="3.141592653589793"/>
<Proper class1="H843" class2="C809" class3="C808" class4="N804" k1="0.000000" k2="0.000000" k3="0.000000" k4="0.000000" periodicity1="1" periodicity2="2" periodicity3="3" periodicity4="4" phase1="0.00" phase2="3.141592653589793" phase3="0.00" phase4="3.141592653589793"/>
<Proper class1="H843" class2="C809" class3="C811" class4="O812" k1="0.000000" k2="0.000000" k3="0.000000" k4="0.000000" periodicity1="1" periodicity2="2" periodicity3="3" periodicity4="4" phase1="0.00" phase2="3.141592653589793" phase3="0.00" phase4="3.141592653589793"/>
<Proper class1="H843" class2="C809" class3="C811" class4="O813" k1="0.000000" k2="0.000000" k3="0.000000" k4="0.000000" periodicity1="1" periodicity2="2" periodicity3="3" periodicity4="4" phase1="0.00" phase2="3.141592653589793" phase3="0.00" phase4="3.141592653589793"/>
<Proper class1="H844" class2="N810" class3="C809" class4="C808" k1="-0.397480" k2="-0.872364" k3="0.874456" k4="0.000000" periodicity1="1" periodicity2="2" periodicity3="3" periodicity4="4" phase1="0.00" phase2="3.141592653589793" phase3="0.00" phase4="3.141592653589793"/>
<Proper class1="H844" class2="N810" class3="C809" class4="C811" k1="-0.397480" k2="-0.872364" k3="0.874456" k4="0.000000" periodicity1="1" periodicity2="2" periodicity3="3" periodicity4="4" phase1="0.00" phase2="3.141592653589793" phase3="0.00" phase4="3.141592653589793"/>
<Proper class1="H844" class2="N810" class3="C809" class4="H843" k1="0.000000" k2="0.000000" k3="0.836800" k4="0.000000" periodicity1="1" periodicity2="2" periodicity3="3" periodicity4="4" phase1="0.00" phase2="3.141592653589793" phase3="0.00" phase4="3.141592653589793"/>
<Proper class1="H845" class2="N810" class3="C809" class4="C808" k1="-0.397480" k2="-0.872364" k3="0.874456" k4="0.000000" periodicity1="1" periodicity2="2" periodicity3="3" periodicity4="4" phase1="0.00" phase2="3.141592653589793" phase3="0.00" phase4="3.141592653589793"/>
<Proper class1="H845" class2="N810" class3="C809" class4="C811" k1="-0.397480" k2="-0.872364" k3="0.874456" k4="0.000000" periodicity1="1" periodicity2="2" periodicity3="3" periodicity4="4" phase1="0.00" phase2="3.141592653589793" phase3="0.00" phase4="3.141592653589793"/>
<Proper class1="H845" class2="N810" class3="C809" class4="H843" k1="0.000000" k2="0.000000" k3="0.836800" k4="0.000000" periodicity1="1" periodicity2="2" periodicity3="3" periodicity4="4" phase1="0.00" phase2="3.141592653589793" phase3="0.00" phase4="3.141592653589793"/>
<Proper class1="H846" class2="O813" class3="C811" class4="C809" k1="3.138000" k2="11.506000" k3="0.000000" k4="0.000000" periodicity1="1" periodicity2="2" periodicity3="3" periodicity4="4" phase1="0.00" phase2="3.141592653589793" phase3="0.00" phase4="3.141592653589793"/>
<Proper class1="H846" class2="O813" class3="C811" class4="O812" k1="0.000000" k2="11.506000" k3="0.000000" k4="0.000000" periodicity1="1" periodicity2="2" periodicity3="3" periodicity4="4" phase1="0.00" phase2="3.141592653589793" phase3="0.00" phase4="3.141592653589793"/>
<Proper class1="H847" class2="C814" class3="C802" class4="C801" k1="0.000000" k2="15.167000" k3="0.000000" k4="0.000000" periodicity1="1" periodicity2="2" periodicity3="3" periodicity4="4" phase1="0.00" phase2="3.141592653589793" phase3="0.00" phase4="3.141592653589793"/>
<Proper class1="H847" class2="C814" class3="C802" class4="C803" k1="0.000000" k2="15.167000" k3="0.000000" k4="0.000000" periodicity1="1" periodicity2="2" periodicity3="3" periodicity4="4" phase1="0.00" phase2="3.141592653589793" phase3="0.00" phase4="3.141592653589793"/>
<Proper class1="H847" class2="C814" class3="C815" class4="C816" k1="0.000000" k2="15.167000" k3="0.000000" k4="0.000000" periodicity1="1" periodicity2="2" periodicity3="3" periodicity4="4" phase1="0.00" phase2="3.141592653589793" phase3="0.00" phase4="3.141592653589793"/>
<Proper class1="H847" class2="C814" class3="C815" class4="N827" k1="0.000000" k2="15.167000" k3="0.000000" k4="0.000000" periodicity1="1" periodicity2="2" periodicity3="3" periodicity4="4" phase1="0.00" phase2="3.141592653589793" phase3="0.00" phase4="3.141592653589793"/>
<Proper class1="H848" class2="C828" class3="N827" class4="C815" k1="0.000000" k2="0.000000" k3="0.000000" k4="0.000000" periodicity1="1" periodicity2="2" periodicity3="3" periodicity4="4" phase1="0.00" phase2="3.141592653589793" phase3="0.00" phase4="3.141592653589793"/>
<Proper class1="H848" class2="C828" class3="N827" class4="C826" k1="0.000000" k2="0.000000" k3="0.000000" k4="0.000000" periodicity1="1" periodicity2="2" periodicity3="3" periodicity4="4" phase1="0.00" phase2="3.141592653589793" phase3="0.00" phase4="3.141592653589793"/>
<Proper class1="H849" class2="C828" class3="N827" class4="C815" k1="0.000000" k2="0.000000" k3="0.000000" k4="0.000000" periodicity1="1" periodicity2="2" periodicity3="3" periodicity4="4" phase1="0.00" phase2="3.141592653589793" phase3="0.00" phase4="3.141592653589793"/>
<Proper class1="H849" class2="C828" class3="N827" class4="C826" k1="0.000000" k2="0.000000" k3="0.000000" k4="0.000000" periodicity1="1" periodicity2="2" periodicity3="3" periodicity4="4" phase1="0.00" phase2="3.141592653589793" phase3="0.00" phase4="3.141592653589793"/>
<Proper class1="H850" class2="C828" class3="N827" class4="C815" k1="0.000000" k2="0.000000" k3="0.000000" k4="0.000000" periodicity1="1" periodicity2="2" periodicity3="3" periodicity4="4" phase1="0.00" phase2="3.141592653589793" phase3="0.00" phase4="3.141592653589793"/>
<Proper class1="H850" class2="C828" class3="N827" class4="C826" k1="0.000000" k2="0.000000" k3="0.000000" k4="0.000000" periodicity1="1" periodicity2="2" periodicity3="3" periodicity4="4" phase1="0.00" phase2="3.141592653589793" phase3="0.00" phase4="3.141592653589793"/>
<Proper class1="H851" class2="C831" class3="C833" class4="O834" k1="0.000000" k2="0.000000" k3="0.000000" k4="0.000000" periodicity1="1" periodicity2="2" periodicity3="3" periodicity4="4" phase1="0.00" phase2="3.141592653589793" phase3="0.00" phase4="3.141592653589793"/>
<Proper class1="H851" class2="C831" class3="C833" class4="O835" k1="0.000000" k2="0.000000" k3="0.000000" k4="0.000000" periodicity1="1" periodicity2="2" periodicity3="3" periodicity4="4" phase1="0.00" phase2="3.141592653589793" phase3="0.00" phase4="3.141592653589793"/>
<Proper class1="H851" class2="C831" class3="S830" class4="C829" k1="0.000000" k2="0.000000" k3="1.353524" k4="0.000000" periodicity1="1" periodicity2="2" periodicity3="3" periodicity4="4" phase1="0.00" phase2="3.141592653589793" phase3="0.00" phase4="3.141592653589793"/>
<Proper class1="H852" class2="N832" class3="C831" class4="C833" k1="-0.397480" k2="-0.872364" k3="0.874456" k4="0.000000" periodicity1="1" periodicity2="2" periodicity3="3" periodicity4="4" phase1="0.00" phase2="3.141592653589793" phase3="0.00" phase4="3.141592653589793"/>
<Proper class1="H852" class2="N832" class3="C831" class4="H851" k1="0.000000" k2="0.000000" k3="0.836800" k4="0.000000" periodicity1="1" periodicity2="2" periodicity3="3" periodicity4="4" phase1="0.00" phase2="3.141592653589793" phase3="0.00" phase4="3.141592653589793"/>
<Proper class1="H852" class2="N832" class3="C831" class4="S830" k1="0.000000" k2="4.393200" k3="0.000000" k4="0.000000" periodicity1="1" periodicity2="2" periodicity3="3" periodicity4="4" phase1="0.00" phase2="3.141592653589793" phase3="0.00" phase4="3.141592653589793"/>
<Proper class1="H853" class2="N832" class3="C831" class4="C833" k1="-0.397480" k2="-0.872364" k3="0.874456" k4="0.000000" periodicity1="1" periodicity2="2" periodicity3="3" periodicity4="4" phase1="0.00" phase2="3.141592653589793" phase3="0.00" phase4="3.141592653589793"/>
<Proper class1="H853" class2="N832" class3="C831" class4="H851" k1="0.000000" k2="0.000000" k3="0.836800" k4="0.000000" periodicity1="1" periodicity2="2" periodicity3="3" periodicity4="4" phase1="0.00" phase2="3.141592653589793" phase3="0.00" phase4="3.141592653589793"/>
<Proper class1="H853" class2="N832" class3="C831" class4="S830" k1="0.000000" k2="4.393200" k3="0.000000" k4="0.000000" periodicity1="1" periodicity2="2" periodicity3="3" periodicity4="4" phase1="0.00" phase2="3.141592653589793" phase3="0.00" phase4="3.141592653589793"/>
<Proper class1="H854" class2="O835" class3="C833" class4="C831" k1="3.138000" k2="11.506000" k3="0.000000" k4="0.000000" periodicity1="1" periodicity2="2" periodicity3="3" periodicity4="4" phase1="0.00" phase2="3.141592653589793" phase3="0.00" phase4="3.141592653589793"/>
<Proper class1="H854" class2="O835" class3="C833" class4="O834" k1="0.000000" k2="11.506000" k3="0.000000" k4="0.000000" periodicity1="1" periodicity2="2" periodicity3="3" periodicity4="4" phase1="0.00" phase2="3.141592653589793" phase3="0.00" phase4="3.141592653589793"/>
<Proper class1="N804" class2="C803" class3="C802" class4="C801" k1="0.000000" k2="0.000000" k3="0.000000" k4="0.000000" periodicity1="1" periodicity2="2" periodicity3="3" periodicity4="4" phase1="0.00" phase2="3.141592653589793" phase3="0.00" phase4="3.141592653589793"/>
<Proper class1="N806" class2="C805" class3="N804" class4="C803" k1="0.000000" k2="4.393200" k3="0.000000" k4="0.000000" periodicity1="1" periodicity2="2" periodicity3="3" periodicity4="4" phase1="0.00" phase2="3.141592653589793" phase3="0.00" phase4="3.141592653589793"/>
<Proper class1="N806" class2="C807" class3="C808" class4="N804" k1="0.000000" k2="15.167000" k3="0.000000" k4="0.000000" periodicity1="1" periodicity2="2" periodicity3="3" periodicity4="4" phase1="0.00" phase2="3.141592653589793" phase3="0.00" phase4="3.141592653589793"/>
<Proper class1="N810" class2="C809" class3="C808" class4="C807" k1="5.004064" k2="-1.410008" k3="1.150600" k4="0.000000" periodicity1="1" periodicity2="2" periodicity3="3" periodicity4="4" phase1="0.00" phase2="3.141592653589793" phase3="0.00" phase4="3.141592653589793"/>
<Proper class1="N810" class2="C809" class3="C808" class4="N804" k1="0.000000" k2="22.489000" k3="0.000000" k4="0.000000" periodicity1="1" periodicity2="2" periodicity3="3" periodicity4="4" phase1="0.00" phase2="3.141592653589793" phase3="0.00" phase4="3.141592653589793"/>
<Proper class1="N817" class2="C816" class3="C815" class4="C814" k1="0.000000" k2="15.167000" k3="0.000000" k4="0.000000" periodicity1="1" periodicity2="2" periodicity3="3" periodicity4="4" phase1="0.00" phase2="3.141592653589793" phase3="0.00" phase4="3.141592653589793"/>
<Proper class1="N817" class2="C816" class3="C829" class4="C801" k1="0.000000" k2="14.644000" k3="0.000000" k4="0.000000" periodicity1="1" periodicity2="2" periodicity3="3" periodicity4="4" phase1="0.00" phase2="3.141592653589793" phase3="0.00" phase4="3.141592653589793"/>
<Proper class1="N821" class2="C819" class3="C818" class4="N817" k1="0.000000" k2="14.644000" k3="0.000000" k4="0.000000" periodicity1="1" periodicity2="2" periodicity3="3" periodicity4="4" phase1="0.00" phase2="3.141592653589793" phase3="0.00" phase4="3.141592653589793"/>
<Proper class1="N825" class2="C823" class3="N821" class4="C819" k1="0.000000" k2="12.738188" k3="0.000000" k4="0.000000" periodicity1="1" periodicity2="2" periodicity3="3" periodicity4="4" phase1="0.00" phase2="3.141592653589793" phase3="0.00" phase4="3.141592653589793"/>
<Proper class1="N825" class2="C823" class3="N821" class4="H822" k1="0.000000" k2="10.250800" k3="0.000000" k4="0.000000" periodicity1="1" periodicity2="2" periodicity3="3" periodicity4="4" phase1="0.00" phase2="3.141592653589793" phase3="0.00" phase4="3.141592653589793"/>
<Proper class1="N825" class2="C826" class3="C818" class4="C819" k1="0.000000" k2="15.167000" k3="0.000000" k4="0.000000" periodicity1="1" periodicity2="2" periodicity3="3" periodicity4="4" phase1="0.00" phase2="3.141592653589793" phase3="0.00" phase4="3.141592653589793"/>
<Proper class1="N825" class2="C826" class3="C818" class4="N817" k1="0.000000" k2="15.167000" k3="0.000000" k4="0.000000" periodicity1="1" periodicity2="2" periodicity3="3" periodicity4="4" phase1="0.00" phase2="3.141592653589793" phase3="0.00" phase4="3.141592653589793"/>
<Proper class1="N825" class2="C826" class3="N827" class4="C815" k1="0.000000" k2="15.167000" k3="0.000000" k4="0.000000" periodicity1="1" periodicity2="2" periodicity3="3" periodicity4="4" phase1="0.00" phase2="3.141592653589793" phase3="0.00" phase4="3.141592653589793"/>
<Proper class1="N827" class2="C815" class3="C814" class4="C802" k1="0.000000" k2="14.644000" k3="0.000000" k4="0.000000" periodicity1="1" periodicity2="2" periodicity3="3" periodicity4="4" phase1="0.00" phase2="3.141592653589793" phase3="0.00" phase4="3.141592653589793"/>
<Proper class1="N827" class2="C815" class3="C816" class4="N817" k1="0.000000" k2="15.167000" k3="0.000000" k4="0.000000" periodicity1="1" periodicity2="2" periodicity3="3" periodicity4="4" phase1="0.00" phase2="3.141592653589793" phase3="0.00" phase4="3.141592653589793"/>
<Proper class1="N827" class2="C826" class3="C818" class4="C819" k1="0.000000" k2="15.167000" k3="0.000000" k4="0.000000" periodicity1="1" periodicity2="2" periodicity3="3" periodicity4="4" phase1="0.00" phase2="3.141592653589793" phase3="0.00" phase4="3.141592653589793"/>
<Proper class1="N827" class2="C826" class3="C818" class4="N817" k1="0.000000" k2="15.167000" k3="0.000000" k4="0.000000" periodicity1="1" periodicity2="2" periodicity3="3" periodicity4="4" phase1="0.00" phase2="3.141592653589793" phase3="0.00" phase4="3.141592653589793"/>
<Proper class1="N827" class2="C826" class3="N825" class4="C823" k1="0.000000" k2="15.167000" k3="0.000000" k4="0.000000" periodicity1="1" periodicity2="2" periodicity3="3" periodicity4="4" phase1="0.00" phase2="3.141592653589793" phase3="0.00" phase4="3.141592653589793"/>
<Proper class1="N832" class2="C831" class3="S830" class4="C829" k1="0.000000" k2="0.000000" k3="1.353524" k4="0.000000" periodicity1="1" periodicity2="2" periodicity3="3" periodicity4="4" phase1="0.00" phase2="3.141592653589793" phase3="0.00" phase4="3.141592653589793"/>
<Proper class1="O812" class2="C811" class3="C809" class4="C808" k1="0.000000" k2="0.000000" k3="0.000000" k4="0.000000" periodicity1="1" periodicity2="2" periodicity3="3" periodicity4="4" phase1="0.00" phase2="3.141592653589793" phase3="0.00" phase4="3.141592653589793"/>
<Proper class1="O812" class2="C811" class3="C809" class4="N810" k1="0.000000" k2="0.000000" k3="0.000000" k4="0.000000" periodicity1="1" periodicity2="2" periodicity3="3" periodicity4="4" phase1="0.00" phase2="3.141592653589793" phase3="0.00" phase4="3.141592653589793"/>
<Proper class1="O813" class2="C811" class3="C809" class4="C808" k1="2.092000" k2="1.142232" k3="0.941400" k4="0.000000" periodicity1="1" periodicity2="2" periodicity3="3" periodicity4="4" phase1="0.00" phase2="3.141592653589793" phase3="0.00" phase4="3.141592653589793"/>
<Proper class1="O813" class2="C811" class3="C809" class4="N810" k1="11.003920" k2="1.715440" k3="0.000000" k4="0.000000" periodicity1="1" periodicity2="2" periodicity3="3" periodicity4="4" phase1="0.00" phase2="3.141592653589793" phase3="0.00" phase4="3.141592653589793"/>
<Proper class1="O820" class2="C819" class3="C818" class4="N817" k1="0.000000" k2="14.644000" k3="0.000000" k4="0.000000" periodicity1="1" periodicity2="2" periodicity3="3" periodicity4="4" phase1="0.00" phase2="3.141592653589793" phase3="0.00" phase4="3.141592653589793"/>
<Proper class1="O824" class2="C823" class3="N821" class4="C819" k1="0.000000" k2="10.250800" k3="0.000000" k4="0.000000" periodicity1="1" periodicity2="2" periodicity3="3" periodicity4="4" phase1="0.00" phase2="3.141592653589793" phase3="0.00" phase4="3.141592653589793"/>
<Proper class1="O824" class2="C823" class3="N821" class4="H822" k1="0.000000" k2="10.250800" k3="0.000000" k4="0.000000" periodicity1="1" periodicity2="2" periodicity3="3" periodicity4="4" phase1="0.00" phase2="3.141592653589793" phase3="0.00" phase4="3.141592653589793"/>
<Proper class1="O834" class2="C833" class3="C831" class4="N832" k1="0.000000" k2="0.000000" k3="0.000000" k4="0.000000" periodicity1="1" periodicity2="2" periodicity3="3" periodicity4="4" phase1="0.00" phase2="3.141592653589793" phase3="0.00" phase4="3.141592653589793"/>
<Proper class1="O834" class2="C833" class3="C831" class4="S830" k1="0.000000" k2="0.000000" k3="0.000000" k4="0.000000" periodicity1="1" periodicity2="2" periodicity3="3" periodicity4="4" phase1="0.00" phase2="3.141592653589793" phase3="0.00" phase4="3.141592653589793"/>
<Proper class1="O835" class2="C833" class3="C831" class4="N832" k1="11.003920" k2="1.715440" k3="0.000000" k4="0.000000" periodicity1="1" periodicity2="2" periodicity3="3" periodicity4="4" phase1="0.00" phase2="3.141592653589793" phase3="0.00" phase4="3.141592653589793"/>
<Proper class1="O835" class2="C833" class3="C831" class4="S830" k1="0.000000" k2="0.000000" k3="0.000000" k4="0.000000" periodicity1="1" periodicity2="2" periodicity3="3" periodicity4="4" phase1="0.00" phase2="3.141592653589793" phase3="0.00" phase4="3.141592653589793"/>
<Proper class1="S830" class2="C829" class3="C801" class4="C800" k1="0.000000" k2="15.167000" k3="0.000000" k4="0.000000" periodicity1="1" periodicity2="2" periodicity3="3" periodicity4="4" phase1="0.00" phase2="3.141592653589793" phase3="0.00" phase4="3.141592653589793"/>
<Proper class1="S830" class2="C829" class3="C801" class4="C802" k1="0.000000" k2="15.167000" k3="0.000000" k4="0.000000" periodicity1="1" periodicity2="2" periodicity3="3" periodicity4="4" phase1="0.00" phase2="3.141592653589793" phase3="0.00" phase4="3.141592653589793"/>
<Proper class1="S830" class2="C829" class3="C816" class4="C815" k1="0.000000" k2="14.644000" k3="0.000000" k4="0.000000" periodicity1="1" periodicity2="2" periodicity3="3" periodicity4="4" phase1="0.00" phase2="3.141592653589793" phase3="0.00" phase4="3.141592653589793"/>
<Proper class1="S830" class2="C829" class3="C816" class4="N817" k1="0.000000" k2="14.644000" k3="0.000000" k4="0.000000" periodicity1="1" periodicity2="2" periodicity3="3" periodicity4="4" phase1="0.00" phase2="3.141592653589793" phase3="0.00" phase4="3.141592653589793"/>
<Improper class1="N804" class2="C808" class3="C803" class4="C805" k1="0.000000" k2="0.000000" k3="0.000000" k4="0.000000" periodicity1="1" periodicity2="2" periodicity3="3" periodicity4="4" phase1="0.00" phase2="3.141592653589793" phase3="0.00" phase4="3.141592653589793"/>
<Improper class1="C808" class2="C809" class3="N804" class4="C807" k1="0.000000" k2="10.460000" k3="0.000000" k4="0.000000" periodicity1="1" periodicity2="2" periodicity3="3" periodicity4="4" phase1="0.00" phase2="3.141592653589793" phase3="0.00" phase4="3.141592653589793"/>
<Improper class1="C809" class2="C808" class3="N810" class4="C811" k1="0.000000" k2="0.000000" k3="0.000000" k4="0.000000" periodicity1="1" periodicity2="2" periodicity3="3" periodicity4="4" phase1="0.00" phase2="3.141592653589793" phase3="0.00" phase4="3.141592653589793"/>
<Improper class1="C802" class2="C801" class3="C803" class4="C814" k1="0.000000" k2="10.460000" k3="0.000000" k4="0.000000" periodicity1="1" periodicity2="2" periodicity3="3" periodicity4="4" phase1="0.00" phase2="3.141592653589793" phase3="0.00" phase4="3.141592653589793"/>
<Improper class1="C816" class2="N817" class3="C829" class4="C815" k1="0.000000" k2="10.460000" k3="0.000000" k4="0.000000" periodicity1="1" periodicity2="2" periodicity3="3" periodicity4="4" phase1="0.00" phase2="3.141592653589793" phase3="0.00" phase4="3.141592653589793"/>
<Improper class1="N821" class2="C819" class3="H822" class4="C823" k1="0.000000" k2="10.460000" k3="0.000000" k4="0.000000" periodicity1="1" periodicity2="2" periodicity3="3" periodicity4="4" phase1="0.00" phase2="3.141592653589793" phase3="0.00" phase4="3.141592653589793"/>
<Improper class1="C818" class2="N817" class3="C826" class4="C819" k1="0.000000" k2="10.460000" k3="0.000000" k4="0.000000" periodicity1="1" periodicity2="2" periodicity3="3" periodicity4="4" phase1="0.00" phase2="3.141592653589793" phase3="0.00" phase4="3.141592653589793"/>
<Improper class1="N827" class2="C826" class3="C828" class4="C815" k1="0.000000" k2="0.000000" k3="0.000000" k4="0.000000" periodicity1="1" periodicity2="2" periodicity3="3" periodicity4="4" phase1="0.00" phase2="3.141592653589793" phase3="0.00" phase4="3.141592653589793"/>
<Improper class1="C801" class2="C800" class3="C802" class4="C829" k1="0.000000" k2="10.460000" k3="0.000000" k4="0.000000" periodicity1="1" periodicity2="2" periodicity3="3" periodicity4="4" phase1="0.00" phase2="3.141592653589793" phase3="0.00" phase4="3.141592653589793"/>
<Improper class1="C831" class2="N832" class3="C833" class4="S830" k1="0.000000" k2="0.000000" k3="0.000000" k4="0.000000" periodicity1="1" periodicity2="2" periodicity3="3" periodicity4="4" phase1="0.00" phase2="3.141592653589793" phase3="0.00" phase4="3.141592653589793"/>
<Improper class1="C800" class2="C801" class3="H836" class4="H837" k1="0.000000" k2="0.000000" k3="0.000000" k4="0.000000" periodicity1="1" periodicity2="2" periodicity3="3" periodicity4="4" phase1="0.00" phase2="3.141592653589793" phase3="0.00" phase4="3.141592653589793"/>
<Improper class1="C800" class2="C801" class3="H836" class4="H838" k1="0.000000" k2="0.000000" k3="0.000000" k4="0.000000" periodicity1="1" periodicity2="2" periodicity3="3" periodicity4="4" phase1="0.00" phase2="3.141592653589793" phase3="0.00" phase4="3.141592653589793"/>
<Improper class1="C803" class2="C802" class3="N804" class4="H839" k1="0.000000" k2="0.000000" k3="0.000000" k4="0.000000" periodicity1="1" periodicity2="2" periodicity3="3" periodicity4="4" phase1="0.00" phase2="3.141592653589793" phase3="0.00" phase4="3.141592653589793"/>
<Improper class1="C803" class2="H840" class3="C802" class4="N804" k1="0.000000" k2="0.000000" k3="0.000000" k4="0.000000" periodicity1="1" periodicity2="2" periodicity3="3" periodicity4="4" phase1="0.00" phase2="3.141592653589793" phase3="0.00" phase4="3.141592653589793"/>
<Improper class1="C805" class2="H841" class3="N804" class4="N806" k1="0.000000" k2="10.460000" k3="0.000000" k4="0.000000" periodicity1="1" periodicity2="2" periodicity3="3" periodicity4="4" phase1="0.00" phase2="3.141592653589793" phase3="0.00" phase4="3.141592653589793"/>
<Improper class1="C807" class2="C808" class3="H842" class4="N806" k1="0.000000" k2="10.460000" k3="0.000000" k4="0.000000" periodicity1="1" periodicity2="2" periodicity3="3" periodicity4="4" phase1="0.00" phase2="3.141592653589793" phase3="0.00" phase4="3.141592653589793"/>
<Improper class1="C809" class2="C808" class3="N810" class4="H843" k1="0.000000" k2="0.000000" k3="0.000000" k4="0.000000" periodicity1="1" periodicity2="2" periodicity3="3" periodicity4="4" phase1="0.00" phase2="3.141592653589793" phase3="0.00" phase4="3.141592653589793"/>
<Improper class1="N810" class2="C809" class3="H844" class4="H845" k1="0.000000" k2="0.000000" k3="0.000000" k4="0.000000" periodicity1="1" periodicity2="2" periodicity3="3" periodicity4="4" phase1="0.00" phase2="3.141592653589793" phase3="0.00" phase4="3.141592653589793"/>
<Improper class1="C814" class2="C802" class3="C815" class4="H847" k1="0.000000" k2="10.460000" k3="0.000000" k4="0.000000" periodicity1="1" periodicity2="2" periodicity3="3" periodicity4="4" phase1="0.00" phase2="3.141592653589793" phase3="0.00" phase4="3.141592653589793"/>
<Improper class1="C828" class2="H848" class3="H849" class4="N827" k1="0.000000" k2="0.000000" k3="0.000000" k4="0.000000" periodicity1="1" periodicity2="2" periodicity3="3" periodicity4="4" phase1="0.00" phase2="3.141592653589793" phase3="0.00" phase4="3.141592653589793"/>
<Improper class1="C828" class2="H848" class3="H850" class4="N827" k1="0.000000" k2="0.000000" k3="0.000000" k4="0.000000" periodicity1="1" periodicity2="2" periodicity3="3" periodicity4="4" phase1="0.00" phase2="3.141592653589793" phase3="0.00" phase4="3.141592653589793"/>
<Improper class1="C831" class2="N832" class3="H851" class4="S830" k1="0.000000" k2="0.000000" k3="0.000000" k4="0.000000" periodicity1="1" periodicity2="2" periodicity3="3" periodicity4="4" phase1="0.00" phase2="3.141592653589793" phase3="0.00" phase4="3.141592653589793"/>
<Improper class1="N832" class2="H852" class3="H853" class4="C831" k1="0.000000" k2="0.000000" k3="0.000000" k4="0.000000" periodicity1="1" periodicity2="2" periodicity3="3" periodicity4="4" phase1="0.00" phase2="3.141592653589793" phase3="0.00" phase4="3.141592653589793"/>
<Improper class1="C819" class2="C818" class3="O820" class4="N821" k1="0.000000" k2="43.932000" k3="0.000000" k4="0.000000" periodicity1="1" periodicity2="2" periodicity3="3" periodicity4="4" phase1="0.00" phase2="3.141592653589793" phase3="0.00" phase4="3.141592653589793"/>
<Improper class1="C823" class2="O824" class3="N825" class4="N821" k1="0.000000" k2="43.932000" k3="0.000000" k4="0.000000" periodicity1="1" periodicity2="2" periodicity3="3" periodicity4="4" phase1="0.00" phase2="3.141592653589793" phase3="0.00" phase4="3.141592653589793"/>
<Improper class1="C826" class2="N825" class3="N827" class4="C818" k1="0.000000" k2="10.460000" k3="0.000000" k4="0.000000" periodicity1="1" periodicity2="2" periodicity3="3" periodicity4="4" phase1="0.00" phase2="3.141592653589793" phase3="0.00" phase4="3.141592653589793"/>
<Improper class1="C815" class2="C816" class3="N827" class4="C814" k1="0.000000" k2="10.460000" k3="0.000000" k4="0.000000" periodicity1="1" periodicity2="2" periodicity3="3" periodicity4="4" phase1="0.00" phase2="3.141592653589793" phase3="0.00" phase4="3.141592653589793"/>
<Improper class1="C811" class2="C809" class3="O812" class4="O813" k1="0.000000" k2="43.932000" k3="0.000000" k4="0.000000" periodicity1="1" periodicity2="2" periodicity3="3" periodicity4="4" phase1="0.00" phase2="3.141592653589793" phase3="0.00" phase4="3.141592653589793"/>
<Improper class1="C833" class2="O834" class3="O835" class4="C831" k1="0.000000" k2="43.932000" k3="0.000000" k4="0.000000" periodicity1="1" periodicity2="2" periodicity3="3" periodicity4="4" phase1="0.00" phase2="3.141592653589793" phase3="0.00" phase4="3.141592653589793"/>
<Improper class1="C829" class2="C816" class3="C801" class4="S830" k1="0.000000" k2="10.460000" k3="0.000000" k4="0.000000" periodicity1="1" periodicity2="2" periodicity3="3" periodicity4="4" phase1="0.00" phase2="3.141592653589793" phase3="0.00" phase4="3.141592653589793"/>
</PeriodicTorsionForce>
<NonbondedForce coulomb14scale="0.5" lj14scale="0.5">
<Atom type="opls_842" charge="0.213800" sigma="0.242000" epsilon="0.125520" />
<Atom type="opls_811" charge="0.507600" sigma="0.355000" epsilon="0.292880" />
<Atom type="opls_843" charge="0.148800" sigma="0.250000" epsilon="0.125520" />
<Atom type="opls_809" charge="0.134200" sigma="0.350000" epsilon="0.276144" />
<Atom type="opls_852" charge="0.337100" sigma="0.000000" epsilon="0.000000" />
<Atom type="opls_827" charge="-0.466500" sigma="0.325000" epsilon="0.711280" />
<Atom type="opls_830" charge="-0.173100" sigma="0.360000" epsilon="1.485320" />
<Atom type="opls_813" charge="-0.537100" sigma="0.312000" epsilon="0.711280" />
<Atom type="opls_823" charge="0.880900" sigma="0.355000" epsilon="0.292880" />
<Atom type="opls_834" charge="-0.422800" sigma="0.296000" epsilon="0.878640" />
<Atom type="opls_810" charge="-0.911800" sigma="0.330000" epsilon="0.711280" />
<Atom type="opls_845" charge="0.352700" sigma="0.000000" epsilon="0.000000" />
<Atom type="opls_833" charge="0.518800" sigma="0.355000" epsilon="0.292880" />
<Atom type="opls_840" charge="0.123300" sigma="0.250000" epsilon="0.125520" />
<Atom type="opls_848" charge="0.125400" sigma="0.250000" epsilon="0.125520" />
<Atom type="opls_851" charge="0.224100" sigma="0.250000" epsilon="0.125520" />
<Atom type="opls_828" charge="-0.020100" sigma="0.350000" epsilon="0.276144" />
<Atom type="opls_814" charge="-0.175700" sigma="0.355000" epsilon="0.292880" />
<Atom type="opls_803" charge="0.094600" sigma="0.350000" epsilon="0.276144" />
<Atom type="opls_839" charge="0.123300" sigma="0.250000" epsilon="0.125520" />
<Atom type="opls_847" charge="0.161700" sigma="0.242000" epsilon="0.125520" />
<Atom type="opls_831" charge="0.121600" sigma="0.350000" epsilon="0.276144" />
<Atom type="opls_817" charge="-0.149100" sigma="0.325000" epsilon="0.711280" />
<Atom type="opls_853" charge="0.337100" sigma="0.000000" epsilon="0.000000" />
<Atom type="opls_808" charge="-0.101800" sigma="0.355000" epsilon="0.292880" />
<Atom type="opls_802" charge="-0.045800" sigma="0.355000" epsilon="0.292880" />
<Atom type="opls_804" charge="-0.425600" sigma="0.325000" epsilon="0.711280" />
<Atom type="opls_837" charge="0.115700" sigma="0.250000" epsilon="0.125520" />
<Atom type="opls_836" charge="0.115700" sigma="0.250000" epsilon="0.125520" />
<Atom type="opls_838" charge="0.115700" sigma="0.250000" epsilon="0.125520" />
<Atom type="opls_806" charge="-0.294400" sigma="0.325000" epsilon="0.711280" />
<Atom type="opls_850" charge="0.125400" sigma="0.250000" epsilon="0.125520" />
<Atom type="opls_805" charge="0.063100" sigma="0.355000" epsilon="0.292880" />
<Atom type="opls_807" charge="-0.075100" sigma="0.355000" epsilon="0.292880" />
<Atom type="opls_824" charge="-0.420800" sigma="0.296000" epsilon="0.878640" />
<Atom type="opls_825" charge="-0.738500" sigma="0.325000" epsilon="0.711280" />
<Atom type="opls_826" charge="0.545500" sigma="0.355000" epsilon="0.292880" />
<Atom type="opls_821" charge="-1.116100" sigma="0.325000" epsilon="0.711280" />
<Atom type="opls_801" charge="-0.065400" sigma="0.355000" epsilon="0.292880" />
<Atom type="opls_815" charge="0.189600" sigma="0.350000" epsilon="0.334720" />
<Atom type="opls_835" charge="-0.525100" sigma="0.312000" epsilon="0.711280" />
<Atom type="opls_819" charge="0.736300" sigma="0.355000" epsilon="0.292880" />
<Atom type="opls_849" charge="0.125400" sigma="0.250000" epsilon="0.125520" />
<Atom type="opls_812" charge="-0.425900" sigma="0.296000" epsilon="0.878640" />
<Atom type="opls_829" charge="0.030900" sigma="0.355000" epsilon="0.292880" />
<Atom type="opls_820" charge="-0.410600" sigma="0.296000" epsilon="0.878640" />
<Atom type="opls_816" charge="-0.055300" sigma="0.350000" epsilon="0.334720" />
<Atom type="opls_841" charge="0.228400" sigma="0.242000" epsilon="0.125520" />
<Atom type="opls_832" charge="-0.839900" sigma="0.330000" epsilon="0.711280" />
<Atom type="opls_822" charge="0.553300" sigma="0.000000" epsilon="0.000000" />
<Atom type="opls_818" charge="-0.052000" sigma="0.350000" epsilon="0.334720" />
<Atom type="opls_846" charge="0.478900" sigma="0.000000" epsilon="0.000000" />
<Atom type="opls_844" charge="0.352700" sigma="0.000000" epsilon="0.000000" />
<Atom type="opls_800" charge="-0.212600" sigma="0.350000" epsilon="0.276144" />
<Atom type="opls_854" charge="0.479300" sigma="0.000000" epsilon="0.000000" />
</NonbondedForce>
</ForceField>
